<?xml version="1.0" encoding="UTF-8"?>
<selector xmlns:android="http://schemas.android.com/apk/res/android">

    <item android:state_pressed="true"><shape>
            <gradient android:angle="270" android:endColor="#EE9A00" android:startColor="#EEAD0E" />

            <corners android:radius="5dp" />
        </shape></item>
    <item android:state_focused="false" android:state_pressed="false"><shape>
            <gradient android:angle="270" android:endColor="#A3B0C2" android:startColor="#ADB9C9" />

            <corners android:radius="5dip" />
        </shape></item>
    <item android:state_focused="true"><shape>
            <gradient android:angle="270" android:endColor="#EE9A00" android:startColor="#EEAD0E" />

            <corners android:radius="5dp" />
        </shape></item>
    <item android:state_focused="false"><shape>
            <gradient android:angle="270" android:endColor="#A3B0C2" android:startColor="#ADB9C9" />

            <corners android:radius="5dip" />
        </shape></item>

</selector>